<?xml version="1.0" encoding="UTF-8"?>
<project-private xmlns="http://www.netbeans.org/ns/project-private/1">
    <editor-bookmarks xmlns="http://www.netbeans.org/ns/editor-bookmarks/2" lastBookmarkId="0"/>
    <open-files xmlns="http://www.netbeans.org/ns/projectui-open-files/2">
        <group>
            <file>file:/C:/Users/rasv1/Desktop/FacBR-master/Facturas/src/facturas/Factura.java</file>
            <file>file:/C:/Users/rasv1/Desktop/FacBR-master/Facturas/src/facturas/abb.java</file>
            <file>file:/C:/Users/rasv1/Desktop/FacBR-master/Facturas/src/facturas/Facturas.java</file>
        </group>
    </open-files>
</project-private>
